{
  "$schema": "../node_modules/@angular-devkit/schematics/collection-schema.json",
  "schematics": {
    "opr-schematic": {
      "description": "A blank schematic.",
      "factory": "./opr-schematic/index#oprSchematic"
    },
    "crud-angular": {
      "description": "crud angular, use with crud-angular-shared",
      "factory": "./crud-angular/index#crudAngular",
      "schema": "./crud-angular/schema.json"
    },
	"crud-angular-list-import": {
      "description": "use model import input, use with crud-angular-list-main",
      "factory": "./crud-angular-list-import/index#crudAngularListImport",
      "schema": "./crud-angular-list-import/schema.json"
    },
	"crud-angular-list-main": {
      "description": "use model domain",
      "factory": "./crud-angular-list-main/index#crudAngularListMain",
      "schema": "./crud-angular-list-main/schema.json"
    },
    "crud-angular-shared": {
      "description": "crud angular shared",
      "factory": "./crud-angular-shared/index#crudAngularShared",
      "schema": "./crud-angular-shared/schema.json"
    },
    "crud-csharp": {
      "description": "A blank schematic.",
      "factory": "./crud-csharp/index#crudCsharp",
      "schema": "./crud-csharp/schema.json"
    },
    "crud-csharp-shared": {
      "description": "A blank schematic.",
      "factory": "./crud-csharp-shared/index#crudCsharpShared",
      "schema": "./crud-csharp-shared/schema.json"
    },	
	"card-angular": {
      "description": "A blank schematic.",
      "factory": "./card-angular/index#cardAngular",
      "schema": "./card-angular/schema.json"
    },	
	"sql": {
      "description": "A blank schematic.",
      "factory": "./sql/index#sql",
      "schema": "./sql/schema.json"
    },	
	"sql-import": {
      "description": "A blank schematic.",
      "factory": "./sql-import/index#sqlImport",
      "schema": "./sql-import/schema.json"
    },	
	"cypress": {
      "description": "A blank schematic.",
      "factory": "./cypress/index#cypress",
      "schema": "./cypress/schema.json"
    },		
    "ng-add": {
      "factory": "./ng-add/index",
      "description": "Add schematic",
      "schema": "./opr-schematic/schema.json"
    }
  }
}
